{
  "config": {
    "batch_size": 32,
    "n_epochs": 100,
    "lr": 0.0001,
    "weight_decay": 1e-05,
    "patience": 15,
    "loss_type": "mse",
    "normalize_targets": true,
    "seed": 42
  },
  "model_config": {
    "d_token": 128,
    "n_blocks": 3,
    "n_heads": 8,
    "attention_dropout": 0.1,
    "ffn_d_hidden": 256,
    "ffn_dropout": 0.1,
    "residual_dropout": 0.0,
    "d_out": 1,
    "attention_mode": "hybrid"
  },
  "training_results": {
    "train_losses": [
      0.7009524567560717,
      0.21343245221809906,
      0.14190612597899002,
      0.11053745279257948,
      0.08158243261277676,
      0.07524153387004678,
      0.05481002886186947,
      0.05111541759900071,
      0.04647827571765943,
      0.03940595864233645,
      0.03515358988872983,
      0.03287854739888148,
      0.031270832754671574,
      0.029405215247110886,
      0.025790392124856062,
      0.023373246277597817,
      0.02002345918762413,
      0.02552028808912093,
      0.023212604605677454,
      0.01927811470390721,
      0.018077230631289156,
      0.017511988101019102,
      0.01615230159156702,
      0.013610075270249085,
      0.013189853592352434,
      0.015247575515373186,
      0.013159762348302385,
      0.013646269280632789,
      0.01097374432720244,
      0.01014466708610681,
      0.011542604114352302,
      0.012962085893377662,
      0.011874166867611084,
      0.011016042670235038,
      0.010319420411674813,
      0.00856263723901727,
      0.009185947287319736,
      0.00920777175236832,
      0.009269696237011389,
      0.008116817292334004,
      0.009463460967791352,
      0.007047004659067501,
      0.008289111248979514,
      0.007497325200926174,
      0.00888288440182805,
      0.008101369645869867,
      0.007936749924820933,
      0.009369724324311723,
      0.007353499447080222,
      0.00813026341016997,
      0.007202388888055628,
      0.00602010453373871,
      0.0058484651063653555,
      0.006738712577233938,
      0.006107125769961964,
      0.005764347776262598,
      0.008113148241219196,
      0.0066144051326608114,
      0.00621992971917445,
      0.00567558616801927,
      0.00505961091469296,
      0.005400005230595442,
      0.0052084018666805195,
      0.005775047169828957,
      0.005028015775182707,
      0.005248667809858241,
      0.006068767524663021,
      0.004902048851363361,
      0.005255743421995166,
      0.004907364808869633,
      0.00501384763893756,
      0.004838144195012071,
      0.005509215576404875,
      0.004633167356422002,
      0.00548804124859585,
      0.004157928506505083,
      0.0049591305009512735,
      0.004988302000459622,
      0.0041490065844052215,
      0.004945802952120589,
      0.0039393707517195835,
      0.004506775738925419,
      0.005447563810528002,
      0.004298957011831755,
      0.0038725566965612497,
      0.004235020007895814,
      0.004196197577667507,
      0.003918125093067912,
      0.004914630733599717,
      0.0038878223012116823,
      0.004121565471657298,
      0.0036374604202468286,
      0.004153452035759322,
      0.004828676814213395,
      0.003936092020012438,
      0.0041891851737587285,
      0.004145078911361369,
      0.003814271418377757,
      0.004420903966423462,
      0.004319610423408449
    ],
    "val_losses": [
      0.29431427717208863,
      0.16609449237585067,
      0.10383905246853828,
      0.08840873539447784,
      0.09229477345943451,
      0.05931897759437561,
      0.05311098955571651,
      0.0500051774084568,
      0.05266770273447037,
      0.04087977111339569,
      0.03905393332242966,
      0.03213507682085037,
      0.03152544666081667,
      0.02853890024125576,
      0.02667252514511347,
      0.02763925865292549,
      0.029200013726949692,
      0.023247495479881763,
      0.030303553119301795,
      0.02343377284705639,
      0.02057638522237539,
      0.01955303642898798,
      0.01995601914823055,
      0.021209252625703813,
      0.018587089143693447,
      0.01684375237673521,
      0.01680902112275362,
      0.018038045987486838,
      0.013658677414059638,
      0.013857861328870059,
      0.01326963035389781,
      0.014388368185609578,
      0.013966950867325068,
      0.014183912239968777,
      0.011584618873894215,
      0.012927791848778725,
      0.01042223246768117,
      0.011305693723261356,
      0.012568771652877331,
      0.010634408798068762,
      0.011322687845677137,
      0.00943396370857954,
      0.00957647180184722,
      0.0098326844163239,
      0.009972519986331464,
      0.010533933714032172,
      0.010221946705132722,
      0.008810887997969984,
      0.01161756319925189,
      0.009554608259350061,
      0.008470504265278577,
      0.009265403542667628,
      0.010398389305919409,
      0.008796369843184947,
      0.008569344878196716,
      0.010475094523280859,
      0.0088591649197042,
      0.007420513080433011,
      0.011404444463551044,
      0.00992069523781538,
      0.008889173064380885,
      0.00832392806187272,
      0.0074199880938977,
      0.009252008236944675,
      0.008129088021814824,
      0.008444106392562389,
      0.0070889974012970924,
      0.006901490036398172,
      0.00704171801917255,
      0.006564138643443585,
      0.007672824431210756,
      0.00724573964253068,
      0.007323674019426107,
      0.007962881959974766,
      0.007358636939898133,
      0.006403003633022308,
      0.006875295424833894,
      0.007222110498696565,
      0.007872585207223892,
      0.0070512093603611,
      0.006324870744720101,
      0.008213680237531662,
      0.0067285289987921715,
      0.006371127068996429,
      0.006144119100645185,
      0.005500121088698506,
      0.005951335653662682,
      0.006287519633769989,
      0.006849510688334703,
      0.005834824685007334,
      0.0061068786308169365,
      0.005398222152143717,
      0.005871524754911661,
      0.005754007492214441,
      0.005972096463665366,
      0.007666604965925217,
      0.007342408783733845,
      0.006317392410710454,
      0.00699721984565258,
      0.005491595342755317
    ],
    "best_epoch": 91,
    "best_val_loss": 0.005398222152143717
  },
  "performance_results": {
    "val": {
      "mse": 0.03704654052853584,
      "rmse": 0.19247477894138712,
      "mae": 0.143635094165802,
      "r2": 0.9941657781600952,
      "mape": 27.092945098876953
    },
    "test": {
      "mse": 0.039910804480314255,
      "rmse": 0.19977688675198205,
      "mae": 0.1418943852186203,
      "r2": 0.9937053322792053,
      "mape": 17.55812644958496
    }
  },
  "feature_importance": {
    "feature_num_0": 0.1627827286720276,
    "feature_num_1": 0.14718596637248993,
    "feature_num_2": 0.12696664035320282,
    "feature_num_3": 0.10436122119426727,
    "feature_num_4": 0.17715616524219513,
    "feature_cat_0": 0.13187864422798157,
    "feature_cat_1": 0.1496686190366745
  }
}