{
  "model_name": "ft_transformer_plr_regression",
  "seed": 42,
  "model_config": {
    "d_token": 64,
    "n_blocks": 3,
    "n_heads": 8,
    "attention_dropout": 0.1,
    "ffn_d_hidden": 256,
    "ffn_dropout": 0.1,
    "residual_dropout": 0.0,
    "d_out": 1,
    "average_layer": true
  },
  "training": {
    "train_losses": [
      0.9279043517614666,
      0.5281410452566648,
      0.43778287318714876,
      0.3931765326282434,
      0.3663810983038785,
      0.35703571140766144,
      0.324876711556786,
      0.3139067799375768,
      0.31061085927904697,
      0.29461253159924555,
      0.2943254178553297,
      0.2899470344970101,
      0.2858032916198697,
      0.27411571877044544,
      0.2737175882385488,
      0.2738753531062812,
      0.2676153271867518,
      0.26323919285807695,
      0.2670762314085375,
      0.2606789736371291,
      0.25670699383083145,
      0.252158159226702,
      0.25693869799898383,
      0.24917313482677728,
      0.2525144726560827,
      0.2480106709296243,
      0.24396596012408273,
      0.2556443475840384,
      0.24643716425226445,
      0.244663390935513,
      0.23999236680959402,
      0.24189847446324533,
      0.2374767990488755,
      0.2344755731653749,
      0.23276738247327639,
      0.23751342924017654,
      0.2327231819692411,
      0.2304497261842092,
      0.2292020739170543,
      0.23874203991471676,
      0.2250177157029771,
      0.22575661069468447,
      0.2295422878181725,
      0.22717500700239548,
      0.2220228293485809,
      0.2220736352498071,
      0.22259689187794401,
      0.21761654761799595,
      0.2187211137068899,
      0.22086489697297415
    ],
    "val_losses": [
      0.5415393893535321,
      0.419524154984034,
      0.359965769144205,
      0.32343241801628697,
      0.3207613287063745,
      0.301592156291008,
      0.28252606896253735,
      0.2777885450766637,
      0.27345646573947024,
      0.26407093038925755,
      0.2670169197596036,
      0.2591395859534924,
      0.2555876901516548,
      0.2807310544527494,
      0.24332434512101686,
      0.2398676986877735,
      0.23593256565240714,
      0.2379532135449923,
      0.2401201965717169,
      0.23166783841756675,
      0.23389131403886354,
      0.22670478431078103,
      0.2347463220357895,
      0.22119963971468118,
      0.22331785124081832,
      0.22288776590273932,
      0.2217985334304663,
      0.25749938877729267,
      0.22098328058536237,
      0.2211181429716257,
      0.21142870417008033,
      0.2105499288210502,
      0.21439049679499406,
      0.21137917729524466,
      0.21108398070702186,
      0.21211415873124048,
      0.20496901067403647,
      0.21423560094374877,
      0.22064973872441512,
      0.20877470993078673,
      0.21414172305510595,
      0.22855017047662002,
      0.20305075439123008,
      0.20642346201034692,
      0.20256605858986193,
      0.2001805603504181,
      0.2061271799298433,
      0.20250837619488055,
      0.2054438476379101,
      0.20306027967196244
    ],
    "best_epoch": 45,
    "best_val_loss": 0.2001805603504181,
    "total_epochs": 50,
    "n_parameters": 211265
  },
  "performance": {
    "val": {
      "roc_auc": 0.2759498655796051,
      "pr_auc": 0.5253093046764021,
      "accuracy": 0.3461619019508362,
      "balanced_accuracy": 0.787414014339447,
      "mcc": 18.6320743560791
    },
    "test": {
      "roc_auc": 0.26356041431427,
      "pr_auc": 0.5133813536877533,
      "accuracy": 0.33744654059410095,
      "balanced_accuracy": 0.8089772462844849,
      "mcc": 18.543533325195312
    }
  }
}