{
  "model_name": "sparse_ftt_plus_regression",
  "seed": 42,
  "task_type": "regression",
  "model_config": {
    "d_token": 64,
    "n_blocks": 3,
    "n_heads": 8,
    "attention_dropout": 0.1,
    "ffn_d_hidden": 256,
    "ffn_dropout": 0.1,
    "residual_dropout": 0.0,
    "d_out": 1,
    "attention_mode": "hybrid"
  },
  "training": {
    "train_losses": [
      0.7363895773887634,
      0.450700066591564,
      0.36463801667355655,
      0.32146018900369344,
      0.303863619503222,
      0.28363434290676787,
      0.2729281322997913,
      0.2637526468749632,
      0.2573593635308115,
      0.25293504250677007,
      0.2470902594035132,
      0.2432955464250163,
      0.24157089021122247,
      0.2398234705130259,
      0.2403265569816556,
      0.23733506338638172,
      0.2329129568840328,
      0.2267457482061888,
      0.23101854428910373,
      0.22892261022015623,
      0.22492610806958718,
      0.22653559817556748,
      0.220788297945993,
      0.22301783425766125,
      0.22072282041374006,
      0.21919840025274376,
      0.22262681210250185,
      0.2188448665434854,
      0.21591763747365852,
      0.2147933691740036,
      0.214361176417585,
      0.21654646595319113,
      0.21315013996341772,
      0.21174346171973044,
      0.2109080817092929,
      0.21258370316865152,
      0.208420015479389,
      0.2092269933537433,
      0.2082168888627437,
      0.20717372078644603,
      0.20738251533424645,
      0.20521258837298342,
      0.20564140196432146,
      0.20466461097984984,
      0.20575072080419773,
      0.20568743348121643,
      0.20448130264616848,
      0.20374651279365807,
      0.20156639735949666,
      0.20414070079201146
    ],
    "val_losses": [
      0.49300386355473447,
      0.3604526542700254,
      0.2903849001114185,
      0.27270935705074895,
      0.2574938019880882,
      0.25090751395775723,
      0.24543151832543886,
      0.24642380155049837,
      0.226383877488283,
      0.22934491473894852,
      0.21963192178652838,
      0.2262072918506769,
      0.22066955726880294,
      0.23082148570280808,
      0.21724600860705742,
      0.219519983117397,
      0.21272066120917982,
      0.2138947592331813,
      0.21373171301988456,
      0.22376953867765573,
      0.21748217137960288,
      0.21635306683870462,
      0.20715343379057372,
      0.210977981869991,
      0.21346711768553808,
      0.20389171517812288,
      0.20461787512669197,
      0.20336366846011236,
      0.21202313556120947,
      0.20293607849341172,
      0.2079860304410641,
      0.20312634798196647,
      0.20155715140012595,
      0.20686745185118455,
      0.20772903355268332,
      0.20464173073952013,
      0.20086049460447752,
      0.20124599566826454,
      0.20795440215330857,
      0.21113448188855097,
      0.20177854884129304,
      0.20287923514842987,
      0.20380750871621645,
      0.2088543910246629,
      0.19996444078592154,
      0.19958689923469836,
      0.20102812349796295,
      0.19740566267417028,
      0.1978309188897793,
      0.20230122139820686
    ],
    "best_epoch": 47,
    "best_val_loss": 0.19740566267417028,
    "total_epochs": 50,
    "n_parameters": 201153
  },
  "performance": {
    "val": {
      "mse": 0.27306434512138367,
      "rmse": 0.5225555904603678,
      "mae": 0.3546524941921234,
      "r2": 0.7896369695663452,
      "explained_variance": 19.93083381652832
    },
    "test": {
      "mse": 0.25128763914108276,
      "rmse": 0.5012859853826783,
      "mae": 0.34235504269599915,
      "r2": 0.8178722858428955,
      "explained_variance": 19.655271530151367
    }
  }
}